<root>
<movies>
<item>
<id>1</id>
<title>Avatar</title>
<year>2009</year>
<director>James Cameron</director>
<actors>
<item>Sam Worthington</item>
<item>Zoe Saldaña</item>
<item>Sigourney Weaver</item>
</actors>
<rating>7.601</rating>
<runtime>162 min</runtime>
<genre>
<item>Action</item>
<item>Adventure</item>
<item>Fantasy</item>
<item>Science Fiction</item>
</genre>
<plot>In the 22nd century, a paraplegic Marine is dispatched to the moon Pandora on a unique mission, but becomes torn between following orders and protecting an alien civilization.</plot>
<thumbnail>https://image.tmdb.org/t/p/w500/gKY6q7SjCkAU6FqvqWybDYgUKIF.jpg</thumbnail>
</item>
<item>
<id>2</id>
<title>Avengers: Endgame</title>
<year>2019</year>
<director>Anthony Russo</director>
<actors>
<item>Robert Downey Jr.</item>
<item>Chris Evans</item>
<item>Mark Ruffalo</item>
</actors>
<rating>8.237</rating>
<runtime>181 min</runtime>
<genre>
<item>Adventure</item>
<item>Science Fiction</item>
<item>Action</item>
</genre>
<plot>After the devastating events of Avengers: Infinity War, the universe is in ruins due to the efforts of the Mad Titan, Thanos. With the help of remaining allies, the Avengers must assemble once more in order to undo Thanos' actions and restore order to the universe once and for all, no matter what consequences may be in store.</plot>
<thumbnail>https://image.tmdb.org/t/p/w500/ulzhLuWrPK07P1YkdWQLZnQh1JL.jpg</thumbnail>
</item>
<item>
<id>3</id>
<title>Titanic</title>
<year>1997</year>
<director>James Cameron</director>
<actors>
<item>Leonardo DiCaprio</item>
<item>Kate Winslet</item>
<item>Billy Zane</item>
</actors>
<rating>7.9</rating>
<runtime>194 min</runtime>
<genre>
<item>Drama</item>
<item>Romance</item>
</genre>
<plot>101-year-old Rose DeWitt Bukater tells the story of her life aboard the Titanic, 84 years later. A young Rose boards the ship with her mother and fiancé. Meanwhile, Jack Dawson and Fabrizio De Rossi win third-class tickets aboard the ship. Rose tells the whole story from Titanic's departure through to its death—on its first and last voyage—on April 15, 1912.</plot>
<thumbnail>https://image.tmdb.org/t/p/w500/9xjZS2rlVxm8SFx8kPC3aIGCOYQ.jpg</thumbnail>
</item>
<item>
<id>4</id>
<title>Star Wars: The Force Awakens</title>
<year>2015</year>
<director>J.J. Abrams</director>
<actors>
<item>Harrison Ford</item>
<item>Mark Hamill</item>
<item>Carrie Fisher</item>
</actors>
<rating>7.253</rating>
<runtime>136 min</runtime>
<genre>
<item>Adventure</item>
<item>Action</item>
<item>Science Fiction</item>
</genre>
<plot>Thirty years after defeating the Galactic Empire, Han Solo and his allies face a new threat from the evil Kylo Ren and his army of Stormtroopers.</plot>
<thumbnail>https://image.tmdb.org/t/p/w500/wqnLdwVXoBjKibFRR5U3y0aDUhs.jpg</thumbnail>
</item>
<item>
<id>5</id>
<title>Spider-Man: No Way Home</title>
<year>2021</year>
<director>Jon Watts</director>
<actors>
<item>Tom Holland</item>
<item>Zendaya</item>
<item>Benedict Cumberbatch</item>
</actors>
<rating>7.934</rating>
<runtime>148 min</runtime>
<genre>
<item>Action</item>
<item>Adventure</item>
<item>Science Fiction</item>
</genre>
<plot>Peter Parker is unmasked and no longer able to separate his normal life from the high-stakes of being a super-hero. When he asks for help from Doctor Strange the stakes become even more dangerous, forcing him to discover what it truly means to be Spider-Man.</plot>
<thumbnail>https://image.tmdb.org/t/p/w500/1g0dhYtq4irTY1GPXvft6k4YLjm.jpg</thumbnail>
</item>
<item>
<id>6</id>
<title>Jurassic World</title>
<year>2015</year>
<director>Colin Trevorrow</director>
<actors>
<item>Chris Pratt</item>
<item>Bryce Dallas Howard</item>
<item>Irrfan Khan</item>
</actors>
<rating>6.7</rating>
<runtime>124 min</runtime>
<genre>
<item>Action</item>
<item>Adventure</item>
<item>Science Fiction</item>
<item>Thriller</item>
</genre>
<plot>Twenty-two years after the events of Jurassic Park, Isla Nublar now features a fully functioning dinosaur theme park, Jurassic World, as originally envisioned by John Hammond.</plot>
<thumbnail>https://image.tmdb.org/t/p/w500/rhr4y79GpxQF9IsfJItRXVaoGs4.jpg</thumbnail>
</item>
<item>
<id>7</id>
<title>The Lion King</title>
<year>1994</year>
<director>Roger Allers</director>
<actors>
<item>Matthew Broderick</item>
<item>Moira Kelly</item>
<item>Nathan Lane</item>
</actors>
<rating>8.255</rating>
<runtime>89 min</runtime>
<genre>
<item>Family</item>
<item>Animation</item>
<item>Drama</item>
<item>Adventure</item>
</genre>
<plot>Young lion prince Simba, eager to one day become king of the Pride Lands, grows up under the watchful eye of his father Mufasa; all the while his villainous uncle Scar conspires to take the throne for himself. Amid betrayal and tragedy, Simba must confront his past and find his rightful place in the Circle of Life.</plot>
<thumbnail>https://image.tmdb.org/t/p/w500/sKCr78MXSLixwmZ8DyJLrpMsd15.jpg</thumbnail>
</item>
<item>
<id>8</id>
<title>Frozen</title>
<year>2013</year>
<director>Chris Buck</director>
<actors>
<item>Idina Menzel</item>
<item>Kristen Bell</item>
<item>Jonathan Groff</item>
</actors>
<rating>7.2</rating>
<runtime>102 min</runtime>
<genre>
<item>Animation</item>
<item>Family</item>
<item>Adventure</item>
<item>Fantasy</item>
</genre>
<plot>Young princess Anna of Arendelle dreams about finding true love at her sister Elsa’s coronation. Fate takes her on a dangerous journey in an attempt to end the eternal winter that has fallen over the kingdom. She's accompanied by ice delivery man Kristoff, his reindeer Sven, and snowman Olaf. On an adventure where she will find out what friendship, courage, family, and true love really means.</plot>
<thumbnail>https://image.tmdb.org/t/p/w500/kgwjIb2JDHRhNk13lmSxiClFjVk.jpg</thumbnail>
</item>
<item>
<id>9</id>
<title>Frozen II</title>
<year>2019</year>
<director>Jennifer Lee</director>
<actors>
<item>Idina Menzel</item>
<item>Kristen Bell</item>
<item>Josh Gad</item>
</actors>
<rating>7.2</rating>
<runtime>103 min</runtime>
<genre>
<item>Family</item>
<item>Animation</item>
<item>Adventure</item>
<item>Comedy</item>
<item>Fantasy</item>
</genre>
<plot>Elsa, Anna, Kristoff and Olaf head far into the forest to learn the truth about an ancient mystery of their kingdom.</plot>
<thumbnail>https://image.tmdb.org/t/p/w500/mINJaa34MtknCYl5AjtNJzWj8cD.jpg</thumbnail>
</item>
<item>
<id>10</id>
<title>Inception</title>
<year>2010</year>
<director>Christopher Nolan</director>
<actors>
<item>Leonardo DiCaprio</item>
<item>Joseph Gordon-Levitt</item>
<item>Ken Watanabe</item>
</actors>
<rating>8.37</rating>
<runtime>148 min</runtime>
<genre>
<item>Action</item>
<item>Science Fiction</item>
<item>Adventure</item>
</genre>
<plot>Cobb, a skilled thief who commits corporate espionage by infiltrating the subconscious of his targets is offered a chance to regain his old life as payment for a task considered to be impossible: "inception", the implantation of another person's idea into a target's subconscious.</plot>
<thumbnail>https://image.tmdb.org/t/p/w500/xlaY2zyzMfkhk0HSC5VUwzoZPU1.jpg</thumbnail>
</item>
<item>
<id>11</id>
<title>The Dark Knight</title>
<year>2008</year>
<director>Christopher Nolan</director>
<actors>
<item>Christian Bale</item>
<item>Heath Ledger</item>
<item>Aaron Eckhart</item>
</actors>
<rating>8.526</rating>
<runtime>152 min</runtime>
<genre>
<item>Action</item>
<item>Crime</item>
<item>Thriller</item>
</genre>
<plot>Batman raises the stakes in his war on crime. With the help of Lt. Jim Gordon and District Attorney Harvey Dent, Batman sets out to dismantle the remaining criminal organizations that plague the streets. The partnership proves to be effective, but they soon find themselves prey to a reign of chaos unleashed by a rising criminal mastermind known to the terrified citizens of Gotham as the Joker.</plot>
<thumbnail>https://image.tmdb.org/t/p/w500/qJ2tW6WMUDux911r6m7haRef0WH.jpg</thumbnail>
</item>
<item>
<id>12</id>
<title>Forrest Gump</title>
<year>1994</year>
<director>Robert Zemeckis</director>
<actors>
<item>Tom Hanks</item>
<item>Robin Wright</item>
<item>Gary Sinise</item>
</actors>
<rating>8.462</rating>
<runtime>142 min</runtime>
<genre>
<item>Comedy</item>
<item>Drama</item>
<item>Romance</item>
</genre>
<plot>A man with a low IQ has accomplished great things in his life and been present during significant historic events—in each case, far exceeding what anyone imagined he could do. But despite all he has achieved, his one true love eludes him.</plot>
<thumbnail>https://image.tmdb.org/t/p/w500/saHP97rTPS5eLmrLQEcANmKrsFl.jpg</thumbnail>
</item>
<item>
<id>13</id>
<title>Pulp Fiction</title>
<year>1994</year>
<director>Quentin Tarantino</director>
<actors>
<item>John Travolta</item>
<item>Samuel L. Jackson</item>
<item>Uma Thurman</item>
</actors>
<rating>8.486</rating>
<runtime>154 min</runtime>
<genre>
<item>Thriller</item>
<item>Crime</item>
<item>Comedy</item>
</genre>
<plot>A burger-loving hit man, his philosophical partner, a drug-addled gangster's moll and a washed-up boxer converge in this sprawling, comedic crime caper. Their adventures unfurl in three stories that ingeniously trip back and forth in time.</plot>
<thumbnail>https://image.tmdb.org/t/p/w500/vQWk5YBFWF4bZaofAbv0tShwBvQ.jpg</thumbnail>
</item>
<item>
<id>14</id>
<title>The Godfather</title>
<year>1972</year>
<director>Francis Ford Coppola</director>
<actors>
<item>Marlon Brando</item>
<item>Al Pacino</item>
<item>James Caan</item>
</actors>
<rating>8.7</rating>
<runtime>175 min</runtime>
<genre>
<item>Drama</item>
<item>Crime</item>
</genre>
<plot>Spanning the years 1945 to 1955, a chronicle of the fictional Italian-American Corleone crime family. When organized crime family patriarch, Vito Corleone barely survives an attempt on his life, his youngest son, Michael steps in to take care of the would-be killers, launching a campaign of bloody revenge.</plot>
<thumbnail>https://image.tmdb.org/t/p/w500/3bhkrj58Vtu7enYsRolD1fZdja1.jpg</thumbnail>
</item>
<item>
<id>15</id>
<title>The Godfather Part II</title>
<year>1974</year>
<director>Francis Ford Coppola</director>
<actors>
<item>Al Pacino</item>
<item>Robert Duvall</item>
<item>Diane Keaton</item>
</actors>
<rating>8.6</rating>
<runtime>202 min</runtime>
<genre>
<item>Drama</item>
<item>Crime</item>
</genre>
<plot>In the continuing saga of the Corleone crime family, a young Vito Corleone grows up in Sicily and in 1910s New York. In the 1950s, Michael Corleone attempts to expand the family business into Las Vegas, Hollywood and Cuba.</plot>
<thumbnail>https://image.tmdb.org/t/p/w500/hek3koDUyRQk7FIhPXsa6mT2Zc3.jpg</thumbnail>
</item>
<item>
<id>16</id>
<title>The Matrix</title>
<year>1999</year>
<director>Lana Wachowski</director>
<actors>
<item>Keanu Reeves</item>
<item>Laurence Fishburne</item>
<item>Carrie-Anne Moss</item>
</actors>
<rating>8.237</rating>
<runtime>136 min</runtime>
<genre>
<item>Action</item>
<item>Science Fiction</item>
</genre>
<plot>Set in the 22nd century, The Matrix tells the story of a computer hacker who joins a group of underground insurgents fighting the vast and powerful computers who now rule the earth.</plot>
<thumbnail>https://image.tmdb.org/t/p/w500/p96dm7sCMn4VYAStA6siNz30G1r.jpg</thumbnail>
</item>
<item>
<id>17</id>
<title>The Lord of the Rings: The Return of the King</title>
<year>2003</year>
<director>Peter Jackson</director>
<actors>
<item>Elijah Wood</item>
<item>Ian McKellen</item>
<item>Viggo Mortensen</item>
</actors>
<rating>8.492</rating>
<runtime>201 min</runtime>
<genre>
<item>Adventure</item>
<item>Fantasy</item>
<item>Action</item>
</genre>
<plot>As armies mass for a final battle that will decide the fate of the world--and powerful, ancient forces of Light and Dark compete to determine the outcome--one member of the Fellowship of the Ring is revealed as the noble heir to the throne of the Kings of Men. Yet, the sole hope for triumph over evil lies with a brave hobbit, Frodo, who, accompanied by his loyal friend Sam and the hideous, wretched Gollum, ventures deep into the very dark heart of Mordor on his seemingly impossible quest to destroy the Ring of Power.​</plot>
<thumbnail>https://image.tmdb.org/t/p/w500/rCzpDGLbOoPwLjy3OAm5NUPOTrC.jpg</thumbnail>
</item>
<item>
<id>18</id>
<title>Harry Potter and the Philosopher's Stone</title>
<year>2001</year>
<director>Chris Columbus</director>
<actors>
<item>Daniel Radcliffe</item>
<item>Rupert Grint</item>
<item>Emma Watson</item>
</actors>
<rating>7.9</rating>
<runtime>152 min</runtime>
<genre>
<item>Adventure</item>
<item>Fantasy</item>
</genre>
<plot>Harry Potter has lived under the stairs at his aunt and uncle's house his whole life. But on his 11th birthday, he learns he's a powerful wizard—with a place waiting for him at the Hogwarts School of Witchcraft and Wizardry. As he learns to harness his newfound powers with the help of the school's kindly headmaster, Harry uncovers the truth about his parents' deaths—and about the villain who's to blame.</plot>
<thumbnail>https://image.tmdb.org/t/p/w500/wuMc08IPKEatf9rnMNXvIDxqP4W.jpg</thumbnail>
</item>
<item>
<id>19</id>
<title>Jurassic Park</title>
<year>1993</year>
<director>Steven Spielberg</director>
<actors>
<item>Sam Neill</item>
<item>Laura Dern</item>
<item>Jeff Goldblum</item>
</actors>
<rating>7.965</rating>
<runtime>127 min</runtime>
<genre>
<item>Adventure</item>
<item>Science Fiction</item>
</genre>
<plot>A wealthy entrepreneur secretly creates a theme park featuring living dinosaurs drawn from prehistoric DNA. Before opening day, he invites a team of experts and his two eager grandchildren to experience the park and help calm anxious investors. However, the park is anything but amusing as the security systems go off-line and the dinosaurs escape.</plot>
<thumbnail>https://image.tmdb.org/t/p/w500/maFjKnJ62hDQ9E66dKqDZgbUy0H.jpg</thumbnail>
</item>
<item>
<id>20</id>
<title>The Avengers</title>
<year>2012</year>
<director>Joss Whedon</director>
<actors>
<item>Robert Downey Jr.</item>
<item>Chris Evans</item>
<item>Mark Ruffalo</item>
</actors>
<rating>7.921</rating>
<runtime>143 min</runtime>
<genre>
<item>Science Fiction</item>
<item>Action</item>
<item>Adventure</item>
</genre>
<plot>When an unexpected enemy emerges and threatens global safety and security, Nick Fury, director of the international peacekeeping agency known as S.H.I.E.L.D., finds himself in need of a team to pull the world back from the brink of disaster. Spanning the globe, a daring recruitment effort begins!</plot>
<thumbnail>https://image.tmdb.org/t/p/w500/RYMX2wcKCBAr24UyPD7xwmjaTn.jpg</thumbnail>
</item>
<item>
<id>21</id>
<title>Black Panther</title>
<year>2018</year>
<director>Ryan Coogler</director>
<actors>
<item>Chadwick Boseman</item>
<item>Michael B. Jordan</item>
<item>Lupita Nyong'o</item>
</actors>
<rating>7.364</rating>
<runtime>135 min</runtime>
<genre>
<item>Action</item>
<item>Adventure</item>
<item>Science Fiction</item>
</genre>
<plot>King T'Challa returns home to the reclusive, technologically advanced African nation of Wakanda to serve as his country's new leader. However, T'Challa soon finds that he is challenged for the throne by factions within his own country as well as without. Using powers reserved to Wakandan kings, T'Challa assumes the Black Panther mantle to join with ex-girlfriend Nakia, the queen-mother, his princess-kid sister, members of the Dora Milaje (the Wakandan 'special forces') and an American secret agent, to prevent Wakanda from being dragged into a world war.</plot>
<thumbnail>https://image.tmdb.org/t/p/w500/uxzzxijgPIY7slzFvMotPv8wjKA.jpg</thumbnail>
</item>
<item>
<id>22</id>
<title>Iron Man 3</title>
<year>2013</year>
<director>Shane Black</director>
<actors>
<item>Robert Downey Jr.</item>
<item>Gwyneth Paltrow</item>
<item>Don Cheadle</item>
</actors>
<rating>6.931</rating>
<runtime>130 min</runtime>
<genre>
<item>Action</item>
<item>Adventure</item>
<item>Science Fiction</item>
</genre>
<plot>When Tony Stark's world is torn apart by a formidable terrorist called the Mandarin, he starts an odyssey of rebuilding and retribution.</plot>
<thumbnail>https://image.tmdb.org/t/p/w500/qhPtAc1TKbMPqNvcdXSOn9Bn7hZ.jpg</thumbnail>
</item>
<item>
<id>23</id>
<title>Mission: Impossible - Fallout</title>
<year>2018</year>
<director>Christopher McQuarrie</director>
<actors>
<item>Tom Cruise</item>
<item>Henry Cavill</item>
<item>Ving Rhames</item>
</actors>
<rating>7.446</rating>
<runtime>147 min</runtime>
<genre>
<item>Action</item>
<item>Adventure</item>
</genre>
<plot>When an IMF mission ends badly, the world is faced with dire consequences. As Ethan Hunt takes it upon himself to fulfill his original briefing, the CIA begin to question his loyalty and his motives. The IMF team find themselves in a race against time, hunted by assassins while trying to prevent a global catastrophe.</plot>
<thumbnail>https://image.tmdb.org/t/p/w500/AkJQpZp9WoNdj7pLYSj1L0RcMMN.jpg</thumbnail>
</item>
<item>
<id>24</id>
<title>Despicable Me 4</title>
<year>2024</year>
<director>Chris Renaud</director>
<actors>
<item>Steve Carell</item>
<item>Kristen Wiig</item>
<item>Will Ferrell</item>
</actors>
<rating>6.996</rating>
<runtime>94 min</runtime>
<genre>
<item>Family</item>
<item>Comedy</item>
<item>Animation</item>
<item>Science Fiction</item>
</genre>
<plot>Gru and Lucy and their girls—Margo, Edith and Agnes—welcome a new member to the Gru family, Gru Jr., who is intent on tormenting his dad. Gru also faces a new nemesis in Maxime Le Mal and his femme fatale girlfriend Valentina, forcing the family to go on the run.</plot>
<thumbnail>https://image.tmdb.org/t/p/w500/wWba3TaojhK7NdycRhoQpsG0FaH.jpg</thumbnail>
</item>
<item>
<id>25</id>
<title>Deadpool &amp; Wolverine</title>
<year>2024</year>
<director>Shawn Levy</director>
<actors>
<item>Ryan Reynolds</item>
<item>Hugh Jackman</item>
<item>Emma Corrin</item>
</actors>
<rating>7.56</rating>
<runtime>128 min</runtime>
<genre>
<item>Action</item>
<item>Comedy</item>
<item>Science Fiction</item>
</genre>
<plot>A listless Wade Wilson toils away in civilian life with his days as the morally flexible mercenary, Deadpool, behind him. But when his homeworld faces an existential threat, Wade must reluctantly suit-up again with an even more reluctant Wolverine.</plot>
<thumbnail>https://image.tmdb.org/t/p/w500/8cdWjvZQUExUUTzyp4t6EDMubfO.jpg</thumbnail>
</item>
<item>
<id>26</id>
<title>Inside Out 2</title>
<year>2024</year>
<director>Kelsey Mann</director>
<actors>
<item>Amy Poehler</item>
<item>Maya Hawke</item>
<item>Kensington Tallman</item>
</actors>
<rating>7.546</rating>
<runtime>97 min</runtime>
<genre>
<item>Animation</item>
<item>Adventure</item>
<item>Comedy</item>
<item>Family</item>
</genre>
<plot>Teenager Riley's mind headquarters is undergoing a sudden demolition to make room for something entirely unexpected: new Emotions! Joy, Sadness, Anger, Fear and Disgust, who’ve long been running a successful operation by all accounts, aren’t sure how to feel when Anxiety shows up. And it looks like she’s not alone.</plot>
<thumbnail>https://image.tmdb.org/t/p/w500/vpnVM9B6NMmQpWeZvzLvDESb2QY.jpg</thumbnail>
</item>
<item>
<id>27</id>
<title>Oppenheimer</title>
<year>2023</year>
<director>Christopher Nolan</director>
<actors>
<item>Cillian Murphy</item>
<item>Emily Blunt</item>
<item>Matt Damon</item>
</actors>
<rating>8.036</rating>
<runtime>181 min</runtime>
<genre>
<item>Drama</item>
<item>History</item>
</genre>
<plot>The story of J. Robert Oppenheimer's role in the development of the atomic bomb during World War II.</plot>
<thumbnail>https://image.tmdb.org/t/p/w500/8Gxv8gSFCU0XGDykEGv7zR1n2ua.jpg</thumbnail>
</item>
<item>
<id>28</id>
<title>Barbie</title>
<year>2023</year>
<director>Greta Gerwig</director>
<actors>
<item>Margot Robbie</item>
<item>Ryan Gosling</item>
<item>America Ferrera</item>
</actors>
<rating>6.932</rating>
<runtime>114 min</runtime>
<genre>
<item>Comedy</item>
<item>Adventure</item>
</genre>
<plot>Barbie and Ken are having the time of their lives in the colorful and seemingly perfect world of Barbie Land. However, when they get a chance to go to the real world, they soon discover the joys and perils of living among humans.</plot>
<thumbnail>https://image.tmdb.org/t/p/w500/iuFNMS8U5cb6xfzi51Dbkovj7vM.jpg</thumbnail>
</item>
<item>
<id>29</id>
<title>Moana 2</title>
<year>2024</year>
<director>David G. Derrick Jr.</director>
<actors>
<item>Auliʻi Cravalho</item>
<item>Dwayne Johnson</item>
<item>Hualālai Chung</item>
</actors>
<rating>7</rating>
<runtime>100 min</runtime>
<genre>
<item>Animation</item>
<item>Adventure</item>
<item>Family</item>
<item>Comedy</item>
<item>Fantasy</item>
</genre>
<plot>After receiving an unexpected call from her wayfinding ancestors, Moana journeys alongside Maui and a new crew to the far seas of Oceania and into dangerous, long-lost waters for an adventure unlike anything she's ever faced.</plot>
<thumbnail>https://image.tmdb.org/t/p/w500/aLVkiINlIeCkcZIzb7XHzPYgO6L.jpg</thumbnail>
</item>
<item>
<id>30</id>
<title>Top Gun: Maverick</title>
<year>2022</year>
<director>Joseph Kosinski</director>
<actors>
<item>Tom Cruise</item>
<item>Val Kilmer</item>
<item>Miles Teller</item>
</actors>
<rating>8.158</rating>
<runtime>131 min</runtime>
<genre>
<item>Action</item>
<item>Drama</item>
</genre>
<plot>After more than thirty years of service as one of the Navy’s top aviators, and dodging the advancement in rank that would ground him, Pete “Maverick” Mitchell finds himself training a detachment of TOP GUN graduates for a specialized mission the likes of which no living pilot has ever seen.</plot>
<thumbnail>https://image.tmdb.org/t/p/w500/62HCnUTziyWcpDaBO2i1DX17ljH.jpg</thumbnail>
</item>
<item>
<id>31</id>
<title>E.T. the Extra-Terrestrial</title>
<year>1982</year>
<director>Steven Spielberg</director>
<actors>
<item>Henry Thomas</item>
<item>Drew Barrymore</item>
<item>Robert MacNaughton</item>
</actors>
<rating>7.511</rating>
<runtime>115 min</runtime>
<genre>
<item>Science Fiction</item>
<item>Adventure</item>
<item>Family</item>
<item>Fantasy</item>
</genre>
<plot>An alien is left behind on Earth and saved by the 10-year-old Elliott who decides to keep him hidden in his home. While a task force hunts for the extra-terrestrial, Elliott, his brother, and his little sister Gertie form an emotional bond with their new friend, and try to help him find his way home.</plot>
<thumbnail>https://image.tmdb.org/t/p/w500/an0nD6uq6byfxXCfk6lQBzdL2J1.jpg</thumbnail>
</item>
<item>
<id>32</id>
<title>The Wizard of Oz</title>
<year>1939</year>
<director>Victor Fleming</director>
<actors>
<item>Judy Garland</item>
<item>Ray Bolger</item>
<item>Jack Haley</item>
</actors>
<rating>7.59</rating>
<runtime>102 min</runtime>
<genre>
<item>Adventure</item>
<item>Fantasy</item>
<item>Family</item>
</genre>
<plot>Young Dorothy finds herself in a magical world where she makes friends with a lion, a scarecrow and a tin man as they make their way along the yellow brick road to talk with the Wizard and ask for the things they miss most in their lives. The Wicked Witch of the West is the only thing that could stop them.</plot>
<thumbnail>https://image.tmdb.org/t/p/w500/uCC3j4pV9eOZwzDUWp2ilbcTf1f.jpg</thumbnail>
</item>
<item>
<id>33</id>
<title>Kong: Skull Island</title>
<year>2017</year>
<director>Jordan Vogt-Roberts</director>
<actors>
<item>Tom Hiddleston</item>
<item>Samuel L. Jackson</item>
<item>John Goodman</item>
</actors>
<rating>6.551</rating>
<runtime>118 min</runtime>
<genre>
<item>Action</item>
<item>Adventure</item>
<item>Fantasy</item>
</genre>
<plot>Explore the mysterious and dangerous home of the king of the apes as a team of explorers ventures deep inside the treacherous, primordial island.</plot>
<thumbnail>https://image.tmdb.org/t/p/w500/r2517Vz9EhDhj88qwbDVj8DCRZN.jpg</thumbnail>
</item>
<item>
<id>34</id>
<title>Shrek 2</title>
<year>2004</year>
<director>Conrad Vernon</director>
<actors>
<item>Mike Myers</item>
<item>Eddie Murphy</item>
<item>Cameron Diaz</item>
</actors>
<rating>7.305</rating>
<runtime>92 min</runtime>
<genre>
<item>Animation</item>
<item>Family</item>
<item>Comedy</item>
<item>Fantasy</item>
<item>Adventure</item>
<item>Romance</item>
</genre>
<plot>Shrek, Fiona, and Donkey set off to Far, Far Away to meet Fiona's mother and father, the Queen and King. But not everyone is happily ever after, as Shrek and the King find it difficult to get along. But when the Fairy Godmother discovers that Fiona has married Shrek instead of her son Prince Charming as King Harold had promised, she plots to destroy their marriage and replace the ogre with her son Charming.</plot>
<thumbnail>https://image.tmdb.org/t/p/w500/2yYP0PQjG8zVqturh1BAqu2Tixl.jpg</thumbnail>
</item>
<item>
<id>35</id>
<title>Minions</title>
<year>2015</year>
<director>Kyle Balda</director>
<actors>
<item>Sandra Bullock</item>
<item>Jon Hamm</item>
<item>Michael Keaton</item>
</actors>
<rating>6.4</rating>
<runtime>91 min</runtime>
<genre>
<item>Family</item>
<item>Animation</item>
<item>Adventure</item>
<item>Comedy</item>
</genre>
<plot>Minions Stuart, Kevin and Bob are recruited by Scarlet Overkill, a super-villain who, alongside her inventor husband Herb, hatches a plot to take over the world.</plot>
<thumbnail>https://image.tmdb.org/t/p/w500/dr02BdCNAUPVU07aOodwPYv6HCf.jpg</thumbnail>
</item>
<item>
<id>36</id>
<title>Star Wars</title>
<year>1977</year>
<director>George Lucas</director>
<actors>
<item>Mark Hamill</item>
<item>Harrison Ford</item>
<item>Carrie Fisher</item>
</actors>
<rating>8.202</rating>
<runtime>121 min</runtime>
<genre>
<item>Adventure</item>
<item>Action</item>
<item>Science Fiction</item>
</genre>
<plot>Princess Leia is captured and held hostage by the evil Imperial forces in their effort to take over the galactic Empire. Venturesome Luke Skywalker and dashing captain Han Solo team together with the loveable robot duo R2-D2 and C-3PO to rescue the beautiful princess and restore peace and justice in the Empire.</plot>
<thumbnail>https://image.tmdb.org/t/p/w500/6FfCtAuVAW8XJjZ7eWeLibRLWTw.jpg</thumbnail>
</item>
<item>
<id>37</id>
<title>The Super Mario Bros. Movie</title>
<year>2023</year>
<director>Michael Jelenic</director>
<actors>
<item>Chris Pratt</item>
<item>Anya Taylor-Joy</item>
<item>Charlie Day</item>
</actors>
<rating>7.597</rating>
<runtime>93 min</runtime>
<genre>
<item>Family</item>
<item>Comedy</item>
<item>Adventure</item>
<item>Animation</item>
<item>Fantasy</item>
</genre>
<plot>While working underground to fix a water main, Brooklyn plumbers—and brothers—Mario and Luigi are transported down a mysterious pipe and wander into a magical new world. But when the brothers are separated, Mario embarks on an epic quest to find Luigi.</plot>
<thumbnail>https://image.tmdb.org/t/p/w500/qNBAXBIQlnOThrVvA6mA2B5ggV6.jpg</thumbnail>
</item>
<item>
<id>38</id>
<title>Frozen</title>
<year>2013</year>
<director>Chris Buck</director>
<actors>
<item>Idina Menzel</item>
<item>Kristen Bell</item>
<item>Jonathan Groff</item>
</actors>
<rating>7.2</rating>
<runtime>102 min</runtime>
<genre>
<item>Animation</item>
<item>Family</item>
<item>Adventure</item>
<item>Fantasy</item>
</genre>
<plot>Young princess Anna of Arendelle dreams about finding true love at her sister Elsa’s coronation. Fate takes her on a dangerous journey in an attempt to end the eternal winter that has fallen over the kingdom. She's accompanied by ice delivery man Kristoff, his reindeer Sven, and snowman Olaf. On an adventure where she will find out what friendship, courage, family, and true love really means.</plot>
<thumbnail>https://image.tmdb.org/t/p/w500/kgwjIb2JDHRhNk13lmSxiClFjVk.jpg</thumbnail>
</item>
<item>
<id>39</id>
<title>Black Panther: Wakanda Forever</title>
<year>2022</year>
<director>Ryan Coogler</director>
<actors>
<item>Letitia Wright</item>
<item>Tenoch Huerta Mejía</item>
<item>Lupita Nyong'o</item>
</actors>
<rating>7.016</rating>
<runtime>162 min</runtime>
<genre>
<item>Action</item>
<item>Adventure</item>
<item>Science Fiction</item>
</genre>
<plot>Queen Ramonda, Shuri, M’Baku, Okoye and the Dora Milaje fight to protect their nation from intervening world powers in the wake of King T’Challa’s death. As the Wakandans strive to embrace their next chapter, the heroes must band together with the help of War Dog Nakia and Everett Ross and forge a new path for the kingdom of Wakanda.</plot>
<thumbnail>https://image.tmdb.org/t/p/w500/sv1xJUazXeYqALzczSZ3O6nkH75.jpg</thumbnail>
</item>
<item>
<id>40</id>
<title>Toy Story</title>
<year>1995</year>
<director>John Lasseter</director>
<actors>
<item>Tom Hanks</item>
<item>Tim Allen</item>
<item>Don Rickles</item>
</actors>
<rating>7.97</rating>
<runtime>81 min</runtime>
<genre>
<item>Family</item>
<item>Comedy</item>
<item>Animation</item>
<item>Adventure</item>
</genre>
<plot>Led by Woody, Andy's toys live happily in his room until Andy's birthday brings Buzz Lightyear onto the scene. Afraid of losing his place in Andy's heart, Woody plots against Buzz. But when circumstances separate Buzz and Woody from their owner, the duo eventually learns to put aside their differences.</plot>
<thumbnail>https://image.tmdb.org/t/p/w500/uXDfjJbdP4ijW5hWSBrPrlKpxab.jpg</thumbnail>
</item>
<item>
<id>41</id>
<title>Toy Story 3</title>
<year>2010</year>
<director>Lee Unkrich</director>
<actors>
<item>Tom Hanks</item>
<item>Tim Allen</item>
<item>Joan Cusack</item>
</actors>
<rating>7.8</rating>
<runtime>102 min</runtime>
<genre>
<item>Animation</item>
<item>Family</item>
<item>Comedy</item>
</genre>
<plot>Woody, Buzz, and the rest of Andy's toys haven't been played with in years. With Andy about to go to college, the gang find themselves accidentally left at a nefarious day care center. The toys must band together to escape and return home to Andy.</plot>
<thumbnail>https://image.tmdb.org/t/p/w500/AbbXspMOwdvwWZgVN0nabZq03Ec.jpg</thumbnail>
</item>
<item>
<id>42</id>
<title>Up</title>
<year>2009</year>
<director>Pete Docter</director>
<actors>
<item>Ed Asner</item>
<item>Christopher Plummer</item>
<item>Jordan Nagai</item>
</actors>
<rating>7.96</rating>
<runtime>96 min</runtime>
<genre>
<item>Animation</item>
<item>Comedy</item>
<item>Family</item>
<item>Adventure</item>
</genre>
<plot>Carl Fredricksen spent his entire life dreaming of exploring the globe and experiencing life to its fullest. But at age 78, life seems to have passed him by, until a twist of fate (and a persistent 8-year old Wilderness Explorer named Russell) gives him a new lease on life.</plot>
<thumbnail>https://image.tmdb.org/t/p/w500/mFvoEwSfLqbcWwFsDjQebn9bzFe.jpg</thumbnail>
</item>
<item>
<id>43</id>
<title>Coco</title>
<year>2017</year>
<director>Lee Unkrich</director>
<actors>
<item>Anthony Gonzalez</item>
<item>Gael García Bernal</item>
<item>Benjamin Bratt</item>
</actors>
<rating>8.198</rating>
<runtime>105 min</runtime>
<genre>
<item>Family</item>
<item>Animation</item>
<item>Music</item>
<item>Adventure</item>
</genre>
<plot>Despite his family’s baffling generations-old ban on music, Miguel dreams of becoming an accomplished musician like his idol, Ernesto de la Cruz. Desperate to prove his talent, Miguel finds himself in the stunning and colorful Land of the Dead following a mysterious chain of events. Along the way, he meets charming trickster Hector, and together, they set off on an extraordinary journey to unlock the real story behind Miguel's family history.</plot>
<thumbnail>https://image.tmdb.org/t/p/w500/6Ryitt95xrO8KXuqRGm1fUuNwqF.jpg</thumbnail>
</item>
<item>
<id>44</id>
<title>Interstellar</title>
<year>2014</year>
<director>Christopher Nolan</director>
<actors>
<item>Matthew McConaughey</item>
<item>Anne Hathaway</item>
<item>Michael Caine</item>
</actors>
<rating>8.5</rating>
<runtime>169 min</runtime>
<genre>
<item>Adventure</item>
<item>Drama</item>
<item>Science Fiction</item>
</genre>
<plot>The adventures of a group of explorers who make use of a newly discovered wormhole to surpass the limitations on human space travel and conquer the vast distances involved in an interstellar voyage.</plot>
<thumbnail>https://image.tmdb.org/t/p/w500/gEU2QniE6E77NI6lCU6MxlNBvIx.jpg</thumbnail>
</item>
<item>
<id>45</id>
<title>La La Land</title>
<year>2016</year>
<director>Damien Chazelle</director>
<actors>
<item>Ryan Gosling</item>
<item>Emma Stone</item>
<item>John Legend</item>
</actors>
<rating>7.9</rating>
<runtime>129 min</runtime>
<genre>
<item>Comedy</item>
<item>Drama</item>
<item>Romance</item>
</genre>
<plot>Mia, an aspiring actress, serves lattes to movie stars in between auditions and Sebastian, a jazz musician, scrapes by playing cocktail party gigs in dingy bars, but as success mounts they are faced with decisions that begin to fray the fragile fabric of their love affair, and the dreams they worked so hard to maintain in each other threaten to rip them apart.</plot>
<thumbnail>https://image.tmdb.org/t/p/w500/uDO8zWDhfWwoFdKS4fzkUJt0Rf0.jpg</thumbnail>
</item>
<item>
<id>46</id>
<title>The Social Network</title>
<year>2010</year>
<director>David Fincher</director>
<actors>
<item>Jesse Eisenberg</item>
<item>Andrew Garfield</item>
<item>Armie Hammer</item>
</actors>
<rating>7.37</rating>
<runtime>121 min</runtime>
<genre>
<item>Drama</item>
</genre>
<plot>In 2003, Harvard undergrad and computer programmer Mark Zuckerberg begins work on a new concept that eventually turns into the global social network known as Facebook. Six years later, Mark is one of the youngest billionaires ever, but his unprecedented success leads to both personal and legal complications when he ends up on the receiving end of two lawsuits, one involving his former friend.</plot>
<thumbnail>https://image.tmdb.org/t/p/w500/n0ybibhJtQ5icDqTp8eRytcIHJx.jpg</thumbnail>
</item>
<item>
<id>47</id>
<title>GoodFellas</title>
<year>1990</year>
<director>Martin Scorsese</director>
<actors>
<item>Robert De Niro</item>
<item>Ray Liotta</item>
<item>Joe Pesci</item>
</actors>
<rating>8.452</rating>
<runtime>145 min</runtime>
<genre>
<item>Drama</item>
<item>Crime</item>
</genre>
<plot>The true story of Henry Hill, a half-Irish, half-Sicilian Brooklyn kid who is adopted by neighbourhood gangsters at an early age and climbs the ranks of a Mafia family under the guidance of Jimmy Conway.</plot>
<thumbnail>https://image.tmdb.org/t/p/w500/9OkCLM73MIU2CrKZbqiT8Ln1wY2.jpg</thumbnail>
</item>
<item>
<id>48</id>
<title>Se7en</title>
<year>1995</year>
<director>David Fincher</director>
<actors>
<item>Morgan Freeman</item>
<item>Brad Pitt</item>
<item>Gwyneth Paltrow</item>
</actors>
<rating>8.379</rating>
<runtime>127 min</runtime>
<genre>
<item>Crime</item>
<item>Mystery</item>
<item>Thriller</item>
</genre>
<plot>Two homicide detectives are on a desperate hunt for a serial killer whose crimes are based on the "seven deadly sins" in this dark and haunting film that takes viewers from the tortured remains of one victim to the next. The seasoned Det. Somerset researches each sin in an effort to get inside the killer's mind, while his novice partner, Mills, scoffs at his efforts to unravel the case.</plot>
<thumbnail>https://image.tmdb.org/t/p/w500/191nKfP0ehp3uIvWqgPbFmI4lv9.jpg</thumbnail>
</item>
<item>
<id>49</id>
<title>The Silence of the Lambs</title>
<year>1991</year>
<director>Jonathan Demme</director>
<actors>
<item>Jodie Foster</item>
<item>Anthony Hopkins</item>
<item>Scott Glenn</item>
</actors>
<rating>8.345</rating>
<runtime>119 min</runtime>
<genre>
<item>Crime</item>
<item>Thriller</item>
<item>Drama</item>
</genre>
<plot>Clarice Starling is a top student at the FBI's training academy. Jack Crawford wants Clarice to interview Dr. Hannibal Lecter, a brilliant psychiatrist who is also a violent psychopath, serving life behind bars for various acts of murder and cannibalism. Crawford believes that Lecter may have insight into a case and that Starling, as an attractive young woman, may be just the bait to draw him out.</plot>
<thumbnail>https://image.tmdb.org/t/p/w500/uS9m8OBk1A8eM9I042bx8XXpqAq.jpg</thumbnail>
</item>
</movies>
</root>