[
  {
    "platform": "spotify",
    "type": "track",
    "id": "0skYUMpS0AcbpjcGsAbRGj",
    "title": "Pink Venom",
    "artist": "BLACKPINK",
    "artistLink": "https://open.spotify.com/artist/41MozSoPIsD1dJM0CLPjZF",
    "album": "Pink Venom",
    "albumLink": "https://open.spotify.com/album/3dZBZnDa3z20uEVnxR38M1",
    "isrc": "KRA402200017",
    "duration": 187,
    "trackLink": "https://open.spotify.com/track/0skYUMpS0AcbpjcGsAbRGj",
    "preview": "https://p.scdn.co/mp3-preview/9b839d68589aeaf201210d8b81672034c7604070?cid=7d6e6a3d46f443159acf4529c6a2dd06",
    "picture": "https://i.scdn.co/image/ab67616d00001e02797b37e01334a0897825d8b1",
    "addedDate": 1661486400,
    "position": 1,
    "shareUrls": []
  },
  {
    "platform": "spotify",
    "type": "track",
    "id": "0O6u0VJ46W86TxN9wgyqDj",
    "title": "I Like You (A Happier Song) (with Doja Cat)",
    "artist": "Post Malone, Doja Cat",
    "artistLink": "https://open.spotify.com/artist/246dkjvS1zLTtiykXe5h60",
    "album": "Twelve Carat Toothache",
    "albumLink": "https://open.spotify.com/album/3HHNR44YbP7XogMVwzbodx",
    "isrc": "USUM72208023",
    "duration": 193,
    "trackLink": "https://open.spotify.com/track/0O6u0VJ46W86TxN9wgyqDj",
    "preview": "https://p.scdn.co/mp3-preview/5a2275b50d2ea67268d5f4ef2f1e3ad4c6722bb9?cid=7d6e6a3d46f443159acf4529c6a2dd06",
    "picture": "https://i.scdn.co/image/ab67616d00001e0234362676667a4322838ccc97",
    "addedDate": 1661486400,
    "position": 5,
    "shareUrls": []
  },
  {
    "platform": "spotify",
    "type": "track",
    "id": "4LRPiXqCikLlN15c3yImP7",
    "title": "As It Was",
    "artist": "Harry Styles",
    "artistLink": "https://open.spotify.com/artist/6KImCVD70vtIoJWnq6nGn3",
    "album": "As It Was",
    "albumLink": "https://open.spotify.com/album/2pqdSWeJVsXAhHFuVLzuA8",
    "isrc": "USSM12200612",
    "duration": 167,
    "trackLink": "https://open.spotify.com/track/4LRPiXqCikLlN15c3yImP7",
    "preview": "https://p.scdn.co/mp3-preview/c871f7a3b36ad708640a833fbf7a0b9e84c5b688?cid=7d6e6a3d46f443159acf4529c6a2dd06",
    "picture": "https://i.scdn.co/image/ab67616d00001e02b46f74097655d7f353caab14",
    "addedDate": 1661486400,
    "position": 1,
    "shareUrls": []
  },

  {
    "platform": "spotify",
    "type": "track",
    "id": "5HCyWlXZPP0y6Gqq8TgA20",
    "title": "STAY (with Justin Bieber)",
    "artist": "The Kid LAROI, Justin Bieber",
    "artistLink": "https://open.spotify.com/artist/2tIP7SsRs7vjIcLrU85W8J",
    "album": "STAY (with Justin Bieber)",
    "albumLink": "https://open.spotify.com/album/4QLAtpLNUsHEYrcHXmMIZZ",
    "isrc": "USSM12103949",
    "duration": 142,
    "trackLink": "https://open.spotify.com/track/5HCyWlXZPP0y6Gqq8TgA20",
    "preview": "https://p.scdn.co/mp3-preview/40a8daf1f3cbb5c6363e68de859ba4af3377344c?cid=7d6e6a3d46f443159acf4529c6a2dd06",
    "picture": "https://i.scdn.co/image/ab67616d00001e0241e31d6ea1d493dd77933ee5",
    "addedDate": 1661486400,
    "position": 1,
    "shareUrls": []
  },

  {
    "platform": "spotify",
    "type": "track",
    "id": "6Sq7ltF9Qa7SNFBsV5Cogx",
    "title": "Me Porto Bonito",
    "artist": "Bad Bunny, Chencho Corleone",
    "artistLink": "https://open.spotify.com/artist/4q3ewBCX7sLwd24euuV69X",
    "album": "Un Verano Sin Ti",
    "albumLink": "https://open.spotify.com/album/3RQQmkQEvNCY4prGKE6oc5",
    "isrc": "QM6MZ2214877",
    "duration": 179,
    "trackLink": "https://open.spotify.com/track/6Sq7ltF9Qa7SNFBsV5Cogx",
    "preview": "https://p.scdn.co/mp3-preview/8513b15fb5b39966d8eccaa7b8c050c7a570e6e8?cid=7d6e6a3d46f443159acf4529c6a2dd06",
    "picture": "https://i.scdn.co/image/ab67616d00001e0249d694203245f241a1bcaa72",
    "addedDate": 1661486400,
    "position": 3,
    "shareUrls": []
  },

  {
    "platform": "spotify",
    "type": "track",
    "id": "6xGruZOHLs39ZbVccQTuPZ",
    "title": "Glimpse of Us",
    "artist": "Joji",
    "artistLink": "https://open.spotify.com/artist/3MZsBdqDrRTJihTHQrO6Dq",
    "album": "Glimpse of Us",
    "albumLink": "https://open.spotify.com/album/6ZZvx0aefZV3LKa053fn71",
    "isrc": "USWB12201789",
    "duration": 233,
    "trackLink": "https://open.spotify.com/track/6xGruZOHLs39ZbVccQTuPZ",
    "preview": "https://p.scdn.co/mp3-preview/071c22f355ed0d03fdc176dcb25a487f5ffb661c?cid=7d6e6a3d46f443159acf4529c6a2dd06",
    "picture": "https://i.scdn.co/image/ab67616d00001e02f798d46201c266747be5db2e",
    "addedDate": 1661486400,
    "position": 1,
    "shareUrls": []
  }
]
